task_id,legacy_task_id,scenario,scenario_zh,difficulty,analysis_dimension,uses_gis,change_type,question,supplementary_notes,output_contract
S01,M01,single_mode,单方式查询,简,总量,False,修订,今天地铁的进站量和出站量分别是多少？,"[""“今天”指2026-08-24，时间按上海本地时间解释。""]","{""columns"":[{""name"":""entry_total"",""type"":""integer"",""nullable"":false},{""name"":""exit_total"",""type"":""integer"",""nullable"":false}]}"
S02,M02,single_mode,单方式查询,简,时间,False,修订,今天地铁客流如何随小时变化？按小时给出进站量和出站量。,"[""“今天”指2026-08-24，时间按上海本地时间解释。""]","{""columns"":[{""name"":""hour"",""type"":""integer"",""nullable"":false},{""name"":""entry_total"",""type"":""integer"",""nullable"":false},{""name"":""exit_total"",""type"":""integer"",""nullable"":false}]}"
S03,M03,single_mode,单方式查询,中,排名,False,修订,今天进站量最大的10个地铁站是哪些？给出站点ID、站名和进站量。,"[""“今天”指2026-08-24，时间按上海本地时间解释。""]","{""columns"":[{""name"":""station_id"",""type"":""integer"",""nullable"":false},{""name"":""station_name"",""type"":""text"",""nullable"":false},{""name"":""entry_total"",""type"":""integer"",""nullable"":false}],""row_selection"":{""mode"":""fixed_top_k"",""tie_break"":""题目中的每个Top-K候选集合固定取K项；边界同值时按指定的消歧字段升序取满K项，不扩展并列。""}}"
S04,M04,single_mode,单方式查询,中,时段构成,False,修订,今天地铁早高峰进站量是多少，占全天进站量的百分比是多少？,"[""“今天”指2026-08-24，时间按上海本地时间解释。"",""百分比字段使用0至100的数值口径。""]","{""columns"":[{""name"":""morning_entry"",""type"":""integer"",""nullable"":false},{""name"":""daily_entry"",""type"":""integer"",""nullable"":false},{""name"":""morning_pct"",""type"":""number"",""nullable"":false,""decimal_places"":2}]}"
S05,M05,single_mode,单方式查询,难,进出差异,False,修订,早高峰出站量高于进站量的地铁站中，差值最大的10个站是哪些？给出进站量、出站量、差值和观测小时数。,"[""“今天”指2026-08-24，时间按上海本地时间解释。""]","{""columns"":[{""name"":""station_id"",""type"":""integer"",""nullable"":false},{""name"":""station_name"",""type"":""text"",""nullable"":false},{""name"":""entry_total"",""type"":""integer"",""nullable"":false},{""name"":""exit_total"",""type"":""integer"",""nullable"":false},{""name"":""difference"",""type"":""integer"",""nullable"":false},{""name"":""compared_hours"",""type"":""integer"",""nullable"":false}],""row_selection"":{""mode"":""fixed_top_k"",""tie_break"":""题目中的每个Top-K候选集合固定取K项；边界同值时按指定的消歧字段升序取满K项，不扩展并列。""}}"
S06,M06,single_mode,单方式查询,中,实体识别,False,修订,站名为“徐家汇”的地铁站今天每小时的进站量和出站量是多少？,"[""“今天”指2026-08-24，时间按上海本地时间解释。""]","{""columns"":[{""name"":""station_id"",""type"":""integer"",""nullable"":false},{""name"":""station_name"",""type"":""text"",""nullable"":false},{""name"":""hour"",""type"":""integer"",""nullable"":false},{""name"":""entry_total"",""type"":""integer"",""nullable"":false},{""name"":""exit_total"",""type"":""integer"",""nullable"":false}]}"
S07,M07,single_mode,单方式查询,难,时间排名,False,修订,每个地铁站今天进站量最高的小时是什么？并列峰值全部保留。,"[""“今天”指2026-08-24，时间按上海本地时间解释。""]","{""columns"":[{""name"":""station_id"",""type"":""integer"",""nullable"":false},{""name"":""station_name"",""type"":""text"",""nullable"":false},{""name"":""peak_hour"",""type"":""integer"",""nullable"":false},{""name"":""peak_entry"",""type"":""integer"",""nullable"":false}]}"
S08,M08,single_mode,单方式查询,中,线路构成,False,修订,今天各条地铁线路的进站量和出站量分别是多少？,"[""“今天”指2026-08-24，时间按上海本地时间解释。""]","{""columns"":[{""name"":""line_id"",""type"":""integer"",""nullable"":false},{""name"":""line_name"",""type"":""text"",""nullable"":false},{""name"":""entry_total"",""type"":""integer"",""nullable"":false},{""name"":""exit_total"",""type"":""integer"",""nullable"":false}]}"
S09,B01,single_mode,单方式查询,简,总量,False,修订,今天公交客流量总量是多少？,"[""“今天”指2026-08-24，时间按上海本地时间解释。""]","{""columns"":[{""name"":""bus_total"",""type"":""integer"",""nullable"":false}]}"
S10,B02,single_mode,单方式查询,简,时间,False,修订,今天公交客流量如何随小时变化？按小时给出客流量和有记录的线路数。,"[""“今天”指2026-08-24，时间按上海本地时间解释。""]","{""columns"":[{""name"":""hour"",""type"":""integer"",""nullable"":false},{""name"":""bus_total"",""type"":""integer"",""nullable"":false},{""name"":""observed_lines"",""type"":""integer"",""nullable"":false}]}"
S11,B03,single_mode,单方式查询,中,排名,False,修订,今天客流最大的10条公交线路是哪些？给出线路ID、线路名称和客流量。,"[""“今天”指2026-08-24，时间按上海本地时间解释。""]","{""columns"":[{""name"":""bus_line_id"",""type"":""integer"",""nullable"":false},{""name"":""line_name"",""type"":""text"",""nullable"":false},{""name"":""bus_total"",""type"":""integer"",""nullable"":false}],""row_selection"":{""mode"":""fixed_top_k"",""tie_break"":""题目中的每个Top-K候选集合固定取K项；边界同值时按指定的消歧字段升序取满K项，不扩展并列。""}}"
S12,B04,single_mode,单方式查询,难,时段比较,False,修订,早晚高峰六个小时都有记录的公交线路中，晚高峰比早高峰增加最多的10条线路是哪些？,"[""“今天”指2026-08-24，时间按上海本地时间解释。""]","{""columns"":[{""name"":""bus_line_id"",""type"":""integer"",""nullable"":false},{""name"":""line_name"",""type"":""text"",""nullable"":false},{""name"":""morning_total"",""type"":""integer"",""nullable"":false},{""name"":""evening_total"",""type"":""integer"",""nullable"":false},{""name"":""increase"",""type"":""integer"",""nullable"":false}],""row_selection"":{""mode"":""fixed_top_k"",""tie_break"":""题目中的每个Top-K候选集合固定取K项；边界同值时按指定的消歧字段升序取满K项，不扩展并列。""}}"
S13,B05,single_mode,单方式查询,难,时间排名,False,修订,每条公交线路今天客流最高的小时是什么？并列峰值全部保留。,"[""“今天”指2026-08-24，时间按上海本地时间解释。""]","{""columns"":[{""name"":""bus_line_id"",""type"":""integer"",""nullable"":false},{""name"":""line_name"",""type"":""text"",""nullable"":false},{""name"":""peak_hour"",""type"":""integer"",""nullable"":false},{""name"":""peak_flow"",""type"":""integer"",""nullable"":false}]}"
S14,B06,single_mode,单方式查询,中,夜间分布,False,修订,0至5时有哪些公交线路出现正客流？给出夜间客流和正客流小时数。,"[""“今天”指2026-08-24，时间按上海本地时间解释。""]","{""columns"":[{""name"":""bus_line_id"",""type"":""integer"",""nullable"":false},{""name"":""line_name"",""type"":""text"",""nullable"":false},{""name"":""night_total"",""type"":""integer"",""nullable"":false},{""name"":""positive_hours"",""type"":""integer"",""nullable"":false}]}"
S15,B07,single_mode,单方式查询,中,名称识别,False,修订,隧道夜宵线今天每小时的客流是多少？同名线路按线路ID分别展示。,"[""“今天”指2026-08-24，时间按上海本地时间解释。""]","{""columns"":[{""name"":""bus_line_id"",""type"":""integer"",""nullable"":false},{""name"":""line_name"",""type"":""text"",""nullable"":false},{""name"":""hour"",""type"":""integer"",""nullable"":false},{""name"":""passenger_flow"",""type"":""integer"",""nullable"":false}]}"
S16,B08,single_mode,单方式查询,难,覆盖与均值,False,修订,哪些公交线路今天有记录的小时少于18个？按有记录小时的平均客流列出前10条，并给出观测小时数、全天客流和小时平均客流。,"[""“今天”指2026-08-24，时间按上海本地时间解释。""]","{""columns"":[{""name"":""bus_line_id"",""type"":""integer"",""nullable"":false},{""name"":""line_name"",""type"":""text"",""nullable"":false},{""name"":""observed_hours"",""type"":""integer"",""nullable"":false},{""name"":""daily_total"",""type"":""integer"",""nullable"":false},{""name"":""average_hourly_flow"",""type"":""number"",""nullable"":false,""decimal_places"":2}],""row_selection"":{""mode"":""fixed_top_k"",""tie_break"":""题目中的每个Top-K候选集合固定取K项；边界同值时按指定的消歧字段升序取满K项，不扩展并列。""}}"
S17,T01,single_mode,单方式查询,简,总量,False,修订,今天各网格的出租车上车量和下车完单量合计分别是多少？,"[""“今天”指2026-08-24，时间按上海本地时间解释。""]","{""columns"":[{""name"":""pickup_total"",""type"":""integer"",""nullable"":false},{""name"":""dropoff_total"",""type"":""integer"",""nullable"":false}]}"
S18,T02,single_mode,单方式查询,简,时间,False,修订,今天出租车上车量和下车完单量如何随小时变化？,"[""“今天”指2026-08-24，时间按上海本地时间解释。""]","{""columns"":[{""name"":""hour"",""type"":""integer"",""nullable"":false},{""name"":""pickup_total"",""type"":""integer"",""nullable"":false},{""name"":""dropoff_total"",""type"":""integer"",""nullable"":false}]}"
S19,T03,single_mode,单方式查询,中,空间排名,False,修订,今天出租车上车量最大的10个网格是哪些？,"[""“今天”指2026-08-24，时间按上海本地时间解释。""]","{""columns"":[{""name"":""geohash"",""type"":""text"",""nullable"":false},{""name"":""pickup_total"",""type"":""integer"",""nullable"":false}],""row_selection"":{""mode"":""fixed_top_k"",""tie_break"":""题目中的每个Top-K候选集合固定取K项；边界同值时按指定的消歧字段升序取满K项，不扩展并列。""}}"
S20,T04,single_mode,单方式查询,中,空间排名,False,修订,今天出租车下车完单量最大的10个网格是哪些？,"[""“今天”指2026-08-24，时间按上海本地时间解释。""]","{""columns"":[{""name"":""geohash"",""type"":""text"",""nullable"":false},{""name"":""dropoff_total"",""type"":""integer"",""nullable"":false}],""row_selection"":{""mode"":""fixed_top_k"",""tie_break"":""题目中的每个Top-K候选集合固定取K项；边界同值时按指定的消歧字段升序取满K项，不扩展并列。""}}"
S21,T05,single_mode,单方式查询,难,空间差异,False,修订,同时有出租车上车和下车完单观测的网格小时中，下车量减上车量最大的10个是哪些？,"[""“今天”指2026-08-24，时间按上海本地时间解释。""]","{""columns"":[{""name"":""geohash"",""type"":""text"",""nullable"":false},{""name"":""hour"",""type"":""integer"",""nullable"":false},{""name"":""taxi_pickups"",""type"":""integer"",""nullable"":false},{""name"":""taxi_dropoffs"",""type"":""integer"",""nullable"":false},{""name"":""difference"",""type"":""integer"",""nullable"":false}],""row_selection"":{""mode"":""fixed_top_k"",""tie_break"":""题目中的每个Top-K候选集合固定取K项；边界同值时按指定的消歧字段升序取满K项，不扩展并列。""}}"
S22,T06,single_mode,单方式查询,中,时空比较,False,修订,早晚高峰都有出租车下车完单观测的网格中，哪些网格晚高峰高于早高峰？给出两段总量和观测小时数。,"[""“今天”指2026-08-24，时间按上海本地时间解释。""]","{""columns"":[{""name"":""geohash"",""type"":""text"",""nullable"":false},{""name"":""morning_dropoffs"",""type"":""integer"",""nullable"":false},{""name"":""evening_dropoffs"",""type"":""integer"",""nullable"":false},{""name"":""morning_hours"",""type"":""integer"",""nullable"":false},{""name"":""evening_hours"",""type"":""integer"",""nullable"":false}]}"
S23,T07,single_mode,单方式查询,中,集中度,False,修订,出租车上车量最高的10个网格合计有多少上车量，占全部网格上车量的百分比是多少？,"[""“今天”指2026-08-24，时间按上海本地时间解释。"",""百分比字段使用0至100的数值口径。""]","{""columns"":[{""name"":""top10_pickups"",""type"":""integer"",""nullable"":false},{""name"":""all_pickups"",""type"":""integer"",""nullable"":false},{""name"":""top10_pct"",""type"":""number"",""nullable"":false,""decimal_places"":2}],""row_selection"":{""mode"":""fixed_top_k"",""tie_break"":""题目中的每个Top-K候选集合固定取K项；边界同值时按指定的消歧字段升序取满K项，不扩展并列。""}}"
S24,T08,single_mode,单方式查询,难,组内排名,False,修订,每个小时出租车下车完单量最大的3个网格是哪些？,"[""“今天”指2026-08-24，时间按上海本地时间解释。""]","{""columns"":[{""name"":""hour"",""type"":""integer"",""nullable"":false},{""name"":""geohash"",""type"":""text"",""nullable"":false},{""name"":""dropoff_total"",""type"":""integer"",""nullable"":false},{""name"":""rank_in_hour"",""type"":""integer"",""nullable"":false}],""row_selection"":{""mode"":""fixed_top_k"",""tie_break"":""题目中的每个Top-K候选集合固定取K项；边界同值时按指定的消歧字段升序取满K项，不扩展并列。""}}"
S25,R02,single_mode,单方式查询,中,日内构成,False,修订,按小时给出网约车下单量、下车完单量及其各自占全天总量的百分比。,"[""“今天”指2026-08-24，时间按上海本地时间解释。"",""百分比字段使用0至100的数值口径。""]","{""columns"":[{""name"":""hour"",""type"":""integer"",""nullable"":false},{""name"":""orders"",""type"":""integer"",""nullable"":false},{""name"":""dropoffs"",""type"":""integer"",""nullable"":false},{""name"":""order_pct"",""type"":""number"",""nullable"":false,""decimal_places"":2},{""name"":""dropoff_pct"",""type"":""number"",""nullable"":false,""decimal_places"":2}]}"
S26,R03,single_mode,单方式查询,中,空间排名,False,修订,今天网约车下单量最大的10个网格是哪些？,"[""“今天”指2026-08-24，时间按上海本地时间解释。""]","{""columns"":[{""name"":""geohash"",""type"":""text"",""nullable"":false},{""name"":""order_total"",""type"":""integer"",""nullable"":false}],""row_selection"":{""mode"":""fixed_top_k"",""tie_break"":""题目中的每个Top-K候选集合固定取K项；边界同值时按指定的消歧字段升序取满K项，不扩展并列。""}}"
S27,R04,single_mode,单方式查询,中,时段构成,False,修订,网约车早高峰和晚高峰下单量分别是多少，各占全天下单量的百分比是多少？,"[""“今天”指2026-08-24，时间按上海本地时间解释。"",""百分比字段使用0至100的数值口径。""]","{""columns"":[{""name"":""morning_orders"",""type"":""integer"",""nullable"":false},{""name"":""evening_orders"",""type"":""integer"",""nullable"":false},{""name"":""daily_orders"",""type"":""integer"",""nullable"":false},{""name"":""morning_pct"",""type"":""number"",""nullable"":false,""decimal_places"":2},{""name"":""evening_pct"",""type"":""number"",""nullable"":false,""decimal_places"":2}]}"
S28,R05,single_mode,单方式查询,中,阈值覆盖,False,修订,今天有多少个网格曾在某个小时达到至少100单网约车下单量？,"[""“今天”指2026-08-24，时间按上海本地时间解释。""]","{""columns"":[{""name"":""qualifying_grids"",""type"":""integer"",""nullable"":false}]}"
S29,R06,single_mode,单方式查询,难,配对条件,False,修订,哪些网格小时出现网约车下单量大于0、下车完单量等于0？给出符合条件的网格小时总数，并列出下单量最大的10个。,"[""“今天”指2026-08-24，时间按上海本地时间解释。""]","{""columns"":[{""name"":""geohash"",""type"":""text"",""nullable"":false},{""name"":""hour"",""type"":""integer"",""nullable"":false},{""name"":""ridehail_orders"",""type"":""integer"",""nullable"":false},{""name"":""qualifying_grid_hours"",""type"":""integer"",""nullable"":false}],""row_selection"":{""mode"":""fixed_top_k"",""tie_break"":""题目中的每个Top-K候选集合固定取K项；边界同值时按指定的消歧字段升序取满K项，不扩展并列。""}}"
S30,R07,single_mode,单方式查询,中,时段集中,False,修订,全天网约车下单量至少100的网格中，晚高峰下单占比最高的10个是哪些？,"[""“今天”指2026-08-24，时间按上海本地时间解释。"",""百分比字段使用0至100的数值口径。""]","{""columns"":[{""name"":""geohash"",""type"":""text"",""nullable"":false},{""name"":""daily_orders"",""type"":""integer"",""nullable"":false},{""name"":""evening_orders"",""type"":""integer"",""nullable"":false},{""name"":""evening_pct"",""type"":""number"",""nullable"":false,""decimal_places"":2}],""row_selection"":{""mode"":""fixed_top_k"",""tie_break"":""题目中的每个Top-K候选集合固定取K项；边界同值时按指定的消歧字段升序取满K项，不扩展并列。""}}"
S31,R08,single_mode,单方式查询,难,相邻变化,False,修订,网约车下单量相邻小时增量最大的10个网格小时是什么？,"[""“今天”指2026-08-24，时间按上海本地时间解释。""]","{""columns"":[{""name"":""geohash"",""type"":""text"",""nullable"":false},{""name"":""previous_hour"",""type"":""integer"",""nullable"":false},{""name"":""current_hour"",""type"":""integer"",""nullable"":false},{""name"":""previous_orders"",""type"":""integer"",""nullable"":false},{""name"":""current_orders"",""type"":""integer"",""nullable"":false},{""name"":""increase"",""type"":""integer"",""nullable"":false}],""row_selection"":{""mode"":""fixed_top_k"",""tie_break"":""题目中的每个Top-K候选集合固定取K项；边界同值时按指定的消歧字段升序取满K项，不扩展并列。""}}"
S32,R10,single_mode,单方式查询,难,指标差异,False,修订,同时有网约车下单和下车完单观测的网格小时中，下单量减下车量最大的10个是哪些？,"[""“今天”指2026-08-24，时间按上海本地时间解释。""]","{""columns"":[{""name"":""geohash"",""type"":""text"",""nullable"":false},{""name"":""hour"",""type"":""integer"",""nullable"":false},{""name"":""ridehail_orders"",""type"":""integer"",""nullable"":false},{""name"":""ridehail_dropoffs"",""type"":""integer"",""nullable"":false},{""name"":""difference"",""type"":""integer"",""nullable"":false}],""row_selection"":{""mode"":""fixed_top_k"",""tie_break"":""题目中的每个Top-K候选集合固定取K项；边界同值时按指定的消歧字段升序取满K项，不扩展并列。""}}"
S33,K01,single_mode,单方式查询,简,总量,False,修订,今天各网格的共享单车锁车量合计是多少？,"[""“今天”指2026-08-24，时间按上海本地时间解释。""]","{""columns"":[{""name"":""lock_total"",""type"":""integer"",""nullable"":false}]}"
S34,K02,single_mode,单方式查询,简,时间,False,修订,今天共享单车锁车量如何随小时变化？,"[""“今天”指2026-08-24，时间按上海本地时间解释。""]","{""columns"":[{""name"":""hour"",""type"":""integer"",""nullable"":false},{""name"":""lock_total"",""type"":""integer"",""nullable"":false}]}"
S35,K03,single_mode,单方式查询,中,时间排名,False,修订,今天共享单车锁车量最高的小时是什么？并列峰值全部保留。,"[""“今天”指2026-08-24，时间按上海本地时间解释。""]","{""columns"":[{""name"":""hour"",""type"":""integer"",""nullable"":false},{""name"":""lock_total"",""type"":""integer"",""nullable"":false}]}"
S36,K04,single_mode,单方式查询,中,空间排名,False,修订,今天共享单车锁车量最大的10个网格是哪些？,"[""“今天”指2026-08-24，时间按上海本地时间解释。""]","{""columns"":[{""name"":""geohash"",""type"":""text"",""nullable"":false},{""name"":""lock_total"",""type"":""integer"",""nullable"":false}],""row_selection"":{""mode"":""fixed_top_k"",""tie_break"":""题目中的每个Top-K候选集合固定取K项；边界同值时按指定的消歧字段升序取满K项，不扩展并列。""}}"
S37,K05,single_mode,单方式查询,中,集中度,False,修订,共享单车锁车量最高的10个网格合计有多少锁车量，占全部网格锁车量的百分比是多少？,"[""“今天”指2026-08-24，时间按上海本地时间解释。"",""百分比字段使用0至100的数值口径。""]","{""columns"":[{""name"":""top10_locks"",""type"":""integer"",""nullable"":false},{""name"":""all_locks"",""type"":""integer"",""nullable"":false},{""name"":""top10_pct"",""type"":""number"",""nullable"":false,""decimal_places"":2}],""row_selection"":{""mode"":""fixed_top_k"",""tie_break"":""题目中的每个Top-K候选集合固定取K项；边界同值时按指定的消歧字段升序取满K项，不扩展并列。""}}"
S38,K06,single_mode,单方式查询,难,连续变化,False,修订,哪些网格在7、8、9时都有共享单车锁车观测，而且锁车量逐小时增加？,"[""“今天”指2026-08-24，时间按上海本地时间解释。""]","{""columns"":[{""name"":""geohash"",""type"":""text"",""nullable"":false},{""name"":""locks_7"",""type"":""integer"",""nullable"":false},{""name"":""locks_8"",""type"":""integer"",""nullable"":false},{""name"":""locks_9"",""type"":""integer"",""nullable"":false}]}"
S39,K07,single_mode,单方式查询,中,时段构成,False,修订,共享单车早高峰锁车量是多少，占全天锁车量的百分比是多少？,"[""“今天”指2026-08-24，时间按上海本地时间解释。"",""百分比字段使用0至100的数值口径。""]","{""columns"":[{""name"":""morning_locks"",""type"":""integer"",""nullable"":false},{""name"":""daily_locks"",""type"":""integer"",""nullable"":false},{""name"":""morning_pct"",""type"":""number"",""nullable"":false,""decimal_places"":2}]}"
S40,K08,single_mode,单方式查询,难,时段比较,False,修订,早晚高峰都有共享单车观测的网格中，晚高峰锁车量高于早高峰且增量最大的10个是哪些？给出两个时段的观测小时数。,"[""“今天”指2026-08-24，时间按上海本地时间解释。""]","{""columns"":[{""name"":""geohash"",""type"":""text"",""nullable"":false},{""name"":""morning_locks"",""type"":""integer"",""nullable"":false},{""name"":""evening_locks"",""type"":""integer"",""nullable"":false},{""name"":""increase"",""type"":""integer"",""nullable"":false},{""name"":""morning_hours"",""type"":""integer"",""nullable"":false},{""name"":""evening_hours"",""type"":""integer"",""nullable"":false}],""row_selection"":{""mode"":""fixed_top_k"",""tie_break"":""题目中的每个Top-K候选集合固定取K项；边界同值时按指定的消歧字段升序取满K项，不扩展并列。""}}"
X01,C01,cross_modal,多方式联合查询,中,累计变化,False,修订,在地铁进站和公交客流量都有观测的小时中，给出两项小时值及截至该小时的累计值。,"[""“今天”指2026-08-24，时间按上海本地时间解释。""]","{""columns"":[{""name"":""hour"",""type"":""integer"",""nullable"":false},{""name"":""metro_entries"",""type"":""integer"",""nullable"":false},{""name"":""bus_flow"",""type"":""integer"",""nullable"":false},{""name"":""cumulative_metro_entries"",""type"":""integer"",""nullable"":false},{""name"":""cumulative_bus_flow"",""type"":""integer"",""nullable"":false}]}"
X02,C02,cross_modal,多方式联合查询,难,滚动窗口,False,修订,公交客流量和网约车下单量各自最高的连续三小时窗口是什么？只使用两项都有观测的连续窗口，并列峰值全部保留。,"[""“今天”指2026-08-24，时间按上海本地时间解释。""]","{""columns"":[{""name"":""metric"",""type"":""text"",""nullable"":false,""allowed_values"":[""公交客流量"",""网约车下单量""]},{""name"":""start_hour"",""type"":""integer"",""nullable"":false},{""name"":""end_hour"",""type"":""integer"",""nullable"":false},{""name"":""window_total"",""type"":""integer"",""nullable"":false}]}"
X03,C03,cross_modal,多方式联合查询,中,峰值交集,False,修订,五项代表指标分别达到小时峰值时，哪些交通方式对具有共同峰值小时？给出方式对和小时。,"[""“今天”指2026-08-24，时间按上海本地时间解释。""]","{""columns"":[{""name"":""metric_a"",""type"":""text"",""nullable"":false,""allowed_values"":[""地铁进站量"",""公交客流量"",""出租车上车量"",""网约车下单量"",""共享单车锁车量""]},{""name"":""metric_b"",""type"":""text"",""nullable"":false,""allowed_values"":[""地铁进站量"",""公交客流量"",""出租车上车量"",""网约车下单量"",""共享单车锁车量""]},{""name"":""common_peak_hour"",""type"":""integer"",""nullable"":false}],""notes"":[""metric_a与metric_b按指标名称升序排列。""]}"
X04,C04,cross_modal,多方式联合查询,难,排名差异,False,修订,在地铁进站和公交客流量都有观测的小时中，分别按小时量排名；并列值使用相同名次，后续名次不跳号。找出两项名次差最大的全部小时。,"[""“今天”指2026-08-24，时间按上海本地时间解释。""]","{""columns"":[{""name"":""hour"",""type"":""integer"",""nullable"":false},{""name"":""metro_entries"",""type"":""integer"",""nullable"":false},{""name"":""bus_flow"",""type"":""integer"",""nullable"":false},{""name"":""metro_rank"",""type"":""integer"",""nullable"":false},{""name"":""bus_rank"",""type"":""integer"",""nullable"":false},{""name"":""rank_difference"",""type"":""integer"",""nullable"":false}]}"
X05,C05,cross_modal,多方式联合查询,难,累计分位,False,修订,在五项代表指标都有观测的共同小时中，各指标累计量首次达到本指标总量50%的小时是什么？,"[""“今天”指2026-08-24，时间按上海本地时间解释。""]","{""columns"":[{""name"":""metric"",""type"":""text"",""nullable"":false,""allowed_values"":[""地铁进站量"",""公交客流量"",""出租车上车量"",""网约车下单量"",""共享单车锁车量""]},{""name"":""half_total_hour"",""type"":""integer"",""nullable"":false}]}"
X06,C06,cross_modal,多方式联合查询,难,分布差异,False,修订,在地铁进站和网约车下单都有观测的小时中，哪几个小时的两项小时占比差最大？,"[""“今天”指2026-08-24，时间按上海本地时间解释。"",""百分比字段使用0至100的数值口径。""]","{""columns"":[{""name"":""hour"",""type"":""integer"",""nullable"":false},{""name"":""metro_pct"",""type"":""number"",""nullable"":false,""decimal_places"":2},{""name"":""ridehail_pct"",""type"":""number"",""nullable"":false,""decimal_places"":2},{""name"":""difference_pct"",""type"":""number"",""nullable"":false,""decimal_places"":2}]}"
X07,C07,cross_modal,多方式联合查询,中,同步变化,False,修订,哪些相邻小时中，地铁进站量和公交客流量同时增加？给出两项增量。,"[""“今天”指2026-08-24，时间按上海本地时间解释。""]","{""columns"":[{""name"":""previous_hour"",""type"":""integer"",""nullable"":false},{""name"":""current_hour"",""type"":""integer"",""nullable"":false},{""name"":""metro_increase"",""type"":""integer"",""nullable"":false},{""name"":""bus_increase"",""type"":""integer"",""nullable"":false}]}"
X08,C08,cross_modal,多方式联合查询,中,反向变化,False,修订,哪些相邻小时中，网约车下单量增加而共享单车锁车量减少？给出两项变化量。,"[""“今天”指2026-08-24，时间按上海本地时间解释。""]","{""columns"":[{""name"":""previous_hour"",""type"":""integer"",""nullable"":false},{""name"":""current_hour"",""type"":""integer"",""nullable"":false},{""name"":""ridehail_change"",""type"":""integer"",""nullable"":false},{""name"":""bike_change"",""type"":""integer"",""nullable"":false}]}"
X09,C09,cross_modal,多方式联合查询,中,覆盖组合,False,修订,按全天是否存在出租车下客、网约车下客和共享单车锁车观测，将网格分为覆盖1、2、3项指标，分别统计网格数。,"[""“今天”指2026-08-24，时间按上海本地时间解释。""]","{""columns"":[{""name"":""observed_metric_count"",""type"":""integer"",""nullable"":false},{""name"":""grid_count"",""type"":""integer"",""nullable"":false}]}"
X10,C10,cross_modal,多方式联合查询,难,覆盖相似,False,修订,8时出租车下客、网约车下客和共享单车锁车三项指标的覆盖集合，两两交集数、并集数和交并比是多少？,"[""“今天”指2026-08-24，时间按上海本地时间解释。"",""交并比按交集数除以并集数计算。""]","{""columns"":[{""name"":""metric_a"",""type"":""text"",""nullable"":false,""allowed_values"":[""出租车下客"",""网约车下客"",""共享单车锁车""]},{""name"":""metric_b"",""type"":""text"",""nullable"":false,""allowed_values"":[""出租车下客"",""网约车下客"",""共享单车锁车""]},{""name"":""intersection_count"",""type"":""integer"",""nullable"":false},{""name"":""union_count"",""type"":""integer"",""nullable"":false},{""name"":""jaccard"",""type"":""number"",""nullable"":false,""minimum_decimal_places"":6}],""notes"":[""metric_a与metric_b按题目列举的指标顺序排列：出租车下客、网约车下客、共享单车锁车；每组中metric_a必须位于metric_b之前。""]}"
X11,C11,cross_modal,多方式联合查询,中,跨粒度关联,False,修订,同时有共享单车锁车和网约车下客观测的网格小时中，锁车量最高的20个是哪些？,"[""“今天”指2026-08-24，时间按上海本地时间解释。""]","{""columns"":[{""name"":""geohash"",""type"":""text"",""nullable"":false},{""name"":""hour"",""type"":""integer"",""nullable"":false},{""name"":""bike_locks"",""type"":""integer"",""nullable"":false},{""name"":""ridehail_dropoffs"",""type"":""integer"",""nullable"":false}],""row_selection"":{""mode"":""fixed_top_k"",""tie_break"":""题目中的每个Top-K候选集合固定取K项；边界同值时按指定的消歧字段升序取满K项，不扩展并列。""}}"
X12,C12,cross_modal,多方式联合查询,难,多尺度覆盖,False,修订,按GeoHash前5位分区，统计出租车下客、网约车下客、共享单车锁车各自覆盖的细网格数，以及三项都覆盖的细网格数。,"[""“今天”指2026-08-24，时间按上海本地时间解释。""]","{""columns"":[{""name"":""area5"",""type"":""text"",""nullable"":false},{""name"":""taxi_grids"",""type"":""integer"",""nullable"":false},{""name"":""ridehail_grids"",""type"":""integer"",""nullable"":false},{""name"":""bike_grids"",""type"":""integer"",""nullable"":false},{""name"":""all_three_grids"",""type"":""integer"",""nullable"":false}]}"
X13,C13,cross_modal,多方式联合查询,难,热点交集,False,修订,哪些网格同时进入出租车下客和网约车下客全天前100名？给出两项量值和名次。,"[""“今天”指2026-08-24，时间按上海本地时间解释。"",""出租车下客和网约车下客分别按全天量降序、geohash升序固定取前100个候选网格；最终只返回两个候选集合的交集，最终行数不固定。""]","{""columns"":[{""name"":""geohash"",""type"":""text"",""nullable"":false},{""name"":""taxi_dropoffs"",""type"":""integer"",""nullable"":false},{""name"":""ridehail_dropoffs"",""type"":""integer"",""nullable"":false},{""name"":""taxi_rank"",""type"":""integer"",""nullable"":false},{""name"":""ridehail_rank"",""type"":""integer"",""nullable"":false}],""row_selection"":{""mode"":""fixed_top_k"",""tie_break"":""题目中的每个Top-K候选集合固定取K项；边界同值时按指定的消歧字段升序取满K项，不扩展并列。""}}"
X14,C14,cross_modal,多方式联合查询,难,热点差集,False,修订,共享单车锁车量全天前20名中，哪些网格没有进入网约车下客前20名？,"[""“今天”指2026-08-24，时间按上海本地时间解释。"",""共享单车锁车和网约车下客分别按全天量降序、geohash升序固定取前20个候选网格；最终返回共享单车候选集合与网约车候选集合的差集，最终行数不固定。""]","{""columns"":[{""name"":""geohash"",""type"":""text"",""nullable"":false},{""name"":""bike_locks"",""type"":""integer"",""nullable"":false},{""name"":""bike_rank"",""type"":""integer"",""nullable"":false}],""row_selection"":{""mode"":""fixed_top_k"",""tie_break"":""题目中的每个Top-K候选集合固定取K项；边界同值时按指定的消歧字段升序取满K项，不扩展并列。""}}"
X15,C15,cross_modal,多方式联合查询,难,共同范围排名,False,修订,在三项指标都有观测的网格中分别排名，哪些网格在出租车下客、网约车下客和共享单车锁车三项中均进入前200名？,"[""“今天”指2026-08-24，时间按上海本地时间解释。"",""出租车下客、网约车下客和共享单车锁车分别按全天量降序、geohash升序固定取前200个候选网格；最终只返回三个候选集合的交集，最终行数不固定。""]","{""columns"":[{""name"":""geohash"",""type"":""text"",""nullable"":false},{""name"":""taxi_dropoffs"",""type"":""integer"",""nullable"":false},{""name"":""ridehail_dropoffs"",""type"":""integer"",""nullable"":false},{""name"":""bike_locks"",""type"":""integer"",""nullable"":false},{""name"":""taxi_rank"",""type"":""integer"",""nullable"":false},{""name"":""ridehail_rank"",""type"":""integer"",""nullable"":false},{""name"":""bike_rank"",""type"":""integer"",""nullable"":false}],""row_selection"":{""mode"":""fixed_top_k"",""tie_break"":""题目中的每个Top-K候选集合固定取K项；边界同值时按指定的消歧字段升序取满K项，不扩展并列。""}}"
X16,C16,cross_modal,多方式联合查询,难,空间排名差,False,修订,在出租车和网约车都有下客观测的网格中，分别按全天下客量从高到低排名；并列值使用相同名次，后续名次不跳号。列出两项名次差最大的10个网格。,"[""“今天”指2026-08-24，时间按上海本地时间解释。""]","{""columns"":[{""name"":""geohash"",""type"":""text"",""nullable"":false},{""name"":""taxi_dropoffs"",""type"":""integer"",""nullable"":false},{""name"":""ridehail_dropoffs"",""type"":""integer"",""nullable"":false},{""name"":""taxi_rank"",""type"":""integer"",""nullable"":false},{""name"":""ridehail_rank"",""type"":""integer"",""nullable"":false},{""name"":""rank_difference"",""type"":""integer"",""nullable"":false}],""row_selection"":{""mode"":""fixed_top_k"",""tie_break"":""题目中的每个Top-K候选集合固定取K项；边界同值时按指定的消歧字段升序取满K项，不扩展并列。""}}"
X17,C17,cross_modal,多方式联合查询,难,热点组合,False,修订,哪些网格正好进入出租车下客、网约车下客、共享单车锁车三类全天前100名中的两类？,"[""“今天”指2026-08-24，时间按上海本地时间解释。"",""先限定出租车下客、网约车下客和共享单车锁车三项全天量均有观测的共同网格总体，再在该共同总体内将三项分别按全天量降序、geohash升序固定取前100名；最终只返回正好进入其中两个Top-100的网格，最终行数不固定。""]","{""columns"":[{""name"":""geohash"",""type"":""text"",""nullable"":false},{""name"":""hotspot_pair"",""type"":""text"",""nullable"":false,""allowed_values"":[""出租车下客+网约车下客"",""出租车下客+共享单车锁车"",""网约车下客+共享单车锁车""]},{""name"":""taxi_rank"",""type"":""integer"",""nullable"":false},{""name"":""ridehail_rank"",""type"":""integer"",""nullable"":false},{""name"":""bike_rank"",""type"":""integer"",""nullable"":false}],""notes"":[""hotspot_pair按题目中的指标顺序使用“+”连接。""],""row_selection"":{""mode"":""fixed_top_k"",""tie_break"":""题目中的每个Top-K候选集合固定取K项；边界同值时按指定的消歧字段升序取满K项，不扩展并列。""}}"
X18,C18,cross_modal,多方式联合查询,难,时段热点,False,修订,早高峰和晚高峰中，出租车与网约车下客量各自前20个网格的交集数、并集数和交并比分别是多少？,"[""“今天”指2026-08-24，时间按上海本地时间解释。"",""交并比按交集数除以并集数计算。""]","{""columns"":[{""name"":""period"",""type"":""text"",""nullable"":false,""allowed_values"":[""早高峰"",""晚高峰""]},{""name"":""intersection_count"",""type"":""integer"",""nullable"":false},{""name"":""union_count"",""type"":""integer"",""nullable"":false},{""name"":""jaccard"",""type"":""number"",""nullable"":false,""minimum_decimal_places"":6}],""row_selection"":{""mode"":""fixed_top_k"",""tie_break"":""题目中的每个Top-K候选集合固定取K项；边界同值时按指定的消歧字段升序取满K项，不扩展并列。""}}"
X19,C19,cross_modal,多方式联合查询,难,局部峰值,False,修订,对于出租车与网约车都有下客观测的网格，只在共同观测小时内比较峰值。峰值小时有重合和无重合的网格分别有多少？,"[""“今天”指2026-08-24，时间按上海本地时间解释。""]","{""columns"":[{""name"":""peak_relation"",""type"":""text"",""nullable"":false,""allowed_values"":[""峰值小时有重合"",""峰值小时无重合""]},{""name"":""grid_count"",""type"":""integer"",""nullable"":false}]}"
X20,C20,cross_modal,多方式联合查询,难,跨时段交集,False,修订,哪些网格同时进入早高峰共享单车锁车量前200名和晚高峰网约车下客量前200名？,"[""“今天”指2026-08-24，时间按上海本地时间解释。"",""先限定早高峰共享单车锁车量和晚高峰网约车下客量均有观测的共同网格总体，再在该共同总体内将两项分别按总量降序、geohash升序固定取前200名；最终只返回同时进入两个Top-200的网格，最终行数不固定。""]","{""columns"":[{""name"":""geohash"",""type"":""text"",""nullable"":false},{""name"":""morning_bike"",""type"":""integer"",""nullable"":false},{""name"":""evening_ridehail"",""type"":""integer"",""nullable"":false},{""name"":""bike_rank"",""type"":""integer"",""nullable"":false},{""name"":""ridehail_rank"",""type"":""integer"",""nullable"":false}],""row_selection"":{""mode"":""fixed_top_k"",""tie_break"":""题目中的每个Top-K候选集合固定取K项；边界同值时按指定的消歧字段升序取满K项，不扩展并列。""}}"
X21,C21,cross_modal,多方式联合查询,难,双序列增长,False,修订,哪些网格在7、8、9时都有网约车下客和共享单车锁车观测，而且两项指标都逐小时增加？,"[""“今天”指2026-08-24，时间按上海本地时间解释。""]","{""columns"":[{""name"":""geohash"",""type"":""text"",""nullable"":false},{""name"":""ridehail_7"",""type"":""integer"",""nullable"":false},{""name"":""ridehail_8"",""type"":""integer"",""nullable"":false},{""name"":""ridehail_9"",""type"":""integer"",""nullable"":false},{""name"":""bike_7"",""type"":""integer"",""nullable"":false},{""name"":""bike_8"",""type"":""integer"",""nullable"":false},{""name"":""bike_9"",""type"":""integer"",""nullable"":false}]}"
X22,C22,cross_modal,多方式联合查询,难,动态热点,False,修订,每个小时分别取出租车下客、网约车下客、共享单车锁车前10名。哪些网格小时至少进入其中两类，并且每小时共有多少个？,"[""“今天”指2026-08-24，时间按上海本地时间解释。"",""hotspot_types表示该网格小时进入前10名的指标类数。""]","{""columns"":[{""name"":""hour"",""type"":""integer"",""nullable"":false},{""name"":""geohash"",""type"":""text"",""nullable"":false},{""name"":""hotspot_types"",""type"":""integer"",""nullable"":false},{""name"":""included_metrics"",""type"":""text"",""nullable"":false,""allowed_values"":[""出租车下客+网约车下客"",""出租车下客+共享单车锁车"",""网约车下客+共享单车锁车"",""出租车下客+网约车下客+共享单车锁车""]},{""name"":""qualifying_grids_in_hour"",""type"":""integer"",""nullable"":false}],""notes"":[""included_metrics按出租车、网约车、共享单车顺序使用“+”连接。""],""row_selection"":{""mode"":""fixed_top_k"",""tie_break"":""题目中的每个Top-K候选集合固定取K项；边界同值时按指定的消歧字段升序取满K项，不扩展并列。""}}"
X23,C23,cross_modal,多方式联合查询,难,局部波动,False,修订,共同观测不少于6个小时且两项均值为正的网格中，网约车下客和共享单车锁车的峰均比差异最大的10个是哪些？,"[""“今天”指2026-08-24，时间按上海本地时间解释。""]","{""columns"":[{""name"":""geohash"",""type"":""text"",""nullable"":false},{""name"":""common_hours"",""type"":""integer"",""nullable"":false},{""name"":""ridehail_peak_ratio"",""type"":""number"",""nullable"":false,""minimum_decimal_places"":6},{""name"":""bike_peak_ratio"",""type"":""number"",""nullable"":false,""minimum_decimal_places"":6},{""name"":""ratio_difference"",""type"":""number"",""nullable"":false,""minimum_decimal_places"":6}],""row_selection"":{""mode"":""fixed_top_k"",""tie_break"":""题目中的每个Top-K候选集合固定取K项；边界同值时按指定的消歧字段升序取满K项，不扩展并列。""}}"
X24,C24,cross_modal,多方式联合查询,难,复合集中,False,修订,按每小时前10个网格占本指标小时总量的比例衡量集中度。哪些小时的网约车下客和共享单车集中度都高于各自小时平均值？,"[""“今天”指2026-08-24，时间按上海本地时间解释。""]","{""columns"":[{""name"":""hour"",""type"":""integer"",""nullable"":false},{""name"":""ridehail_concentration"",""type"":""number"",""nullable"":false,""minimum_decimal_places"":6},{""name"":""bike_concentration"",""type"":""number"",""nullable"":false,""minimum_decimal_places"":6},{""name"":""average_ridehail_concentration"",""type"":""number"",""nullable"":false,""minimum_decimal_places"":6},{""name"":""average_bike_concentration"",""type"":""number"",""nullable"":false,""minimum_decimal_places"":6}],""row_selection"":{""mode"":""fixed_top_k"",""tie_break"":""题目中的每个Top-K候选集合固定取K项；边界同值时按指定的消歧字段升序取满K项，不扩展并列。""}}"
X25,,cross_modal,多方式联合查询,简,总量聚合,False,新增,今天全市地铁进站量和公交客流量分别是多少？公交客流量与地铁进站量之比是多少？比值保留六位小数。,"[""“今天”指2026-08-24，时间按上海本地时间解释。""]","{""columns"":[{""name"":""metro_entries"",""type"":""integer"",""nullable"":false},{""name"":""bus_flow"",""type"":""integer"",""nullable"":false},{""name"":""bus_to_metro_ratio"",""type"":""number"",""nullable"":false,""minimum_decimal_places"":6}]}"
X26,,cross_modal,多方式联合查询,简,时间聚合,False,新增,按小时给出出租车下客量、网约车下客量和共享单车锁车量。,"[""“今天”指2026-08-24，时间按上海本地时间解释。""]","{""columns"":[{""name"":""hour"",""type"":""integer"",""nullable"":false},{""name"":""taxi_dropoffs"",""type"":""integer"",""nullable"":false},{""name"":""ridehail_dropoffs"",""type"":""integer"",""nullable"":false},{""name"":""bike_locks"",""type"":""integer"",""nullable"":false}]}"
X27,,cross_modal,多方式联合查询,中,时间对齐,False,新增,早高峰三个小时中，按小时给出地铁进站量、公交客流量，以及两项分别占各自早高峰总量的百分比。,"[""“今天”指2026-08-24，时间按上海本地时间解释。"",""百分比字段使用0至100的数值口径。""]","{""columns"":[{""name"":""hour"",""type"":""integer"",""nullable"":false},{""name"":""metro_entries"",""type"":""integer"",""nullable"":false},{""name"":""bus_flow"",""type"":""integer"",""nullable"":false},{""name"":""metro_pct"",""type"":""number"",""nullable"":false,""decimal_places"":2},{""name"":""bus_pct"",""type"":""number"",""nullable"":false,""decimal_places"":2}]}"
X28,,cross_modal,多方式联合查询,中,指标差异,False,新增,晚高峰同时有出租车和网约车下客观测的网格中，两项下客量差的绝对值最大的10个网格是哪些？,"[""“今天”指2026-08-24，时间按上海本地时间解释。"",""“同时有观测”按网格层面判断：晚高峰内出租车下客和网约车下客各自至少有一个有效观测小时即可；两项总量分别累计各自全部非NULL观测，不要求同一小时同时非NULL。""]","{""columns"":[{""name"":""geohash"",""type"":""text"",""nullable"":false},{""name"":""taxi_dropoffs"",""type"":""integer"",""nullable"":false},{""name"":""ridehail_dropoffs"",""type"":""integer"",""nullable"":false},{""name"":""difference"",""type"":""integer"",""nullable"":false}],""notes"":[""difference等于ABS(taxi_dropoffs - ridehail_dropoffs)，返回非负整数。""],""row_selection"":{""mode"":""fixed_top_k"",""tie_break"":""题目中的每个Top-K候选集合固定取K项；边界同值时按指定的消歧字段升序取满K项，不扩展并列。""}}"
X29,,cross_modal,多方式联合查询,中,多级聚合,False,新增,按GeoHash前5位汇总出租车下客量、网约车下客量和共享单车锁车量，列出三项合计最高的10个区域。,"[""“今天”指2026-08-24，时间按上海本地时间解释。""]","{""columns"":[{""name"":""area5"",""type"":""text"",""nullable"":false},{""name"":""taxi_dropoffs"",""type"":""integer"",""nullable"":false},{""name"":""ridehail_dropoffs"",""type"":""integer"",""nullable"":false},{""name"":""bike_locks"",""type"":""integer"",""nullable"":false},{""name"":""combined_total"",""type"":""integer"",""nullable"":false}],""row_selection"":{""mode"":""fixed_top_k"",""tie_break"":""题目中的每个Top-K候选集合固定取K项；边界同值时按指定的消歧字段升序取满K项，不扩展并列。""}}"
X30,,cross_modal,多方式联合查询,中,时段比较,False,新增,分别给出地铁进站、公交客流量、出租车下客、网约车下客和共享单车锁车的早高峰与晚高峰总量。,"[""“今天”指2026-08-24，时间按上海本地时间解释。""]","{""columns"":[{""name"":""mode"",""type"":""text"",""nullable"":false,""allowed_values"":[""地铁进站"",""公交客流量"",""出租车下客"",""网约车下客"",""共享单车锁车""]},{""name"":""morning_total"",""type"":""integer"",""nullable"":false},{""name"":""evening_total"",""type"":""integer"",""nullable"":false}]}"
G01,C25,spatial_gis,GIS空间关联查询,难,空间聚合与排名,True,修订,在早高峰地铁出站量和站点500米内共享单车锁车量都有观测的站中，分别使用RANK排名，找出名次差最大的10个站。,"[""“今天”指2026-08-24，时间按上海本地时间解释。""]","{""columns"":[{""name"":""station_id"",""type"":""integer"",""nullable"":false},{""name"":""station_name"",""type"":""text"",""nullable"":false},{""name"":""morning_exit"",""type"":""integer"",""nullable"":false},{""name"":""morning_bike"",""type"":""integer"",""nullable"":false},{""name"":""metro_rank"",""type"":""integer"",""nullable"":false},{""name"":""bike_rank"",""type"":""integer"",""nullable"":false},{""name"":""rank_difference"",""type"":""integer"",""nullable"":false}],""row_selection"":{""mode"":""fixed_top_k"",""tie_break"":""题目中的每个Top-K候选集合固定取K项；边界同值时按指定的消歧字段升序取满K项，不扩展并列。""}}"
G02,C26,spatial_gis,GIS空间关联查询,中,距离分环与粒度对齐,True,修订,站名为“徐家汇”的地铁站0至300米和300至800米两个范围内，出租车下客、网约车下客和共享单车锁车量每小时分别是多少？完整展示24小时。,"[""“今天”指2026-08-24，时间按上海本地时间解释。"",""0至300米包含两端；300至800米左开右闭。""]","{""columns"":[{""name"":""ring"",""type"":""text"",""nullable"":false,""allowed_values"":[""0-300"",""300-800""]},{""name"":""hour"",""type"":""integer"",""nullable"":false},{""name"":""taxi_dropoffs"",""type"":""integer"",""nullable"":true},{""name"":""ridehail_dropoffs"",""type"":""integer"",""nullable"":false},{""name"":""bike_locks"",""type"":""integer"",""nullable"":true}]}"
G03,C27,spatial_gis,GIS空间关联查询,难,空间与峰值集合,True,修订,地铁出站量与站点500米内共享单车锁车量共同观测不少于6个小时的站中，两项峰值小时有重合和无重合的站分别有多少？若存在并列峰值，只要两个峰值小时集合有交集即视为有重合。,"[""“今天”指2026-08-24，时间按上海本地时间解释。""]","{""columns"":[{""name"":""peak_relation"",""type"":""text"",""nullable"":false,""allowed_values"":[""峰值小时有重合"",""峰值小时无重合""]},{""name"":""station_count"",""type"":""integer"",""nullable"":false}]}"
G04,C28,spatial_gis,GIS空间关联查询,难,空间与双窗口条件,True,修订,哪些地铁站从早高峰到晚高峰，本站出站量和500米内网约车下客量都增加？只比较六个小时都有观测的站，按网约车增量列出前10个。,"[""“今天”指2026-08-24，时间按上海本地时间解释。""]","{""columns"":[{""name"":""station_id"",""type"":""integer"",""nullable"":false},{""name"":""station_name"",""type"":""text"",""nullable"":false},{""name"":""morning_exit"",""type"":""integer"",""nullable"":false},{""name"":""evening_exit"",""type"":""integer"",""nullable"":false},{""name"":""morning_ridehail"",""type"":""integer"",""nullable"":false},{""name"":""evening_ridehail"",""type"":""integer"",""nullable"":false},{""name"":""ridehail_increase"",""type"":""integer"",""nullable"":false}],""row_selection"":{""mode"":""fixed_top_k"",""tie_break"":""题目中的每个Top-K候选集合固定取K项；边界同值时按指定的消歧字段升序取满K项，不扩展并列。""}}"
G05,C29,spatial_gis,GIS空间关联查询,中,多缓冲区并集,True,修订,所有地铁站500米网格并集内，出租车下客、网约车下客和共享单车锁车全天量分别是多少，各占对应网格总量的百分比是多少？,"[""“今天”指2026-08-24，时间按上海本地时间解释。"",""百分比字段使用0至100的数值口径。""]","{""columns"":[{""name"":""metric"",""type"":""text"",""nullable"":false,""allowed_values"":[""出租车下客"",""网约车下客"",""共享单车锁车""]},{""name"":""covered_total"",""type"":""integer"",""nullable"":false},{""name"":""all_grid_total"",""type"":""integer"",""nullable"":false},{""name"":""covered_pct"",""type"":""number"",""nullable"":false,""decimal_places"":2}]}"
G06,C30,spatial_gis,GIS空间关联查询,中,空间补集与占比,True,修订,将有出租车或网约车下客观测的网格分成地铁站500米范围内和范围外，分别计算两项指标的早高峰量、全天量和早高峰占比。,"[""“今天”指2026-08-24，时间按上海本地时间解释。"",""百分比字段使用0至100的数值口径。""]","{""columns"":[{""name"":""area_type"",""type"":""text"",""nullable"":false,""allowed_values"":[""500米范围内"",""500米范围外""]},{""name"":""metric"",""type"":""text"",""nullable"":false,""allowed_values"":[""出租车下客"",""网约车下客""]},{""name"":""morning_total"",""type"":""integer"",""nullable"":false},{""name"":""daily_total"",""type"":""integer"",""nullable"":false},{""name"":""morning_pct"",""type"":""number"",""nullable"":false,""decimal_places"":2}]}"
G07,C31,spatial_gis,GIS空间关联查询,难,多归属消歧,True,修订,对于同时位于至少两个地铁站500米内的网格，将其分配给最近站。按归属站汇总晚高峰共享单车锁车量和网约车下客量。,"[""“今天”指2026-08-24，时间按上海本地时间解释。"",""距离相同时按station_id升序选择归属站。""]","{""columns"":[{""name"":""station_id"",""type"":""integer"",""nullable"":false},{""name"":""station_name"",""type"":""text"",""nullable"":false},{""name"":""evening_bike"",""type"":""integer"",""nullable"":true},{""name"":""evening_ridehail"",""type"":""integer"",""nullable"":true}]}"
G08,C32,spatial_gis,GIS空间关联查询,难,双缓冲区集合划分,True,修订,将站名为“徐家汇”和“上海体育馆”的两个地铁站800米范围划分为只靠近徐家汇、只靠近上海体育馆、两站都覆盖三类，比较晚高峰出租车下客、网约车下客和共享单车锁车量。,"[""“今天”指2026-08-24，时间按上海本地时间解释。""]","{""columns"":[{""name"":""area_type"",""type"":""text"",""nullable"":false,""allowed_values"":[""只靠近徐家汇"",""只靠近上海体育馆"",""两站都覆盖""]},{""name"":""evening_taxi"",""type"":""integer"",""nullable"":false},{""name"":""evening_ridehail"",""type"":""integer"",""nullable"":false},{""name"":""evening_bike"",""type"":""integer"",""nullable"":false}]}"
G09,C33,spatial_gis,GIS空间关联查询,难,站点与公交线路关联,True,修订,每个地铁站500米内有哪些公交线路？给出线路早高峰客流和观测小时数，以及地铁站早高峰进站量和观测小时数。没有邻近公交线路的站也保留。,"[""“今天”指2026-08-24，时间按上海本地时间解释。""]","{""columns"":[{""name"":""station_id"",""type"":""integer"",""nullable"":false},{""name"":""station_name"",""type"":""text"",""nullable"":false},{""name"":""bus_line_id"",""type"":""integer"",""nullable"":true},{""name"":""line_name"",""type"":""text"",""nullable"":true},{""name"":""morning_bus_flow"",""type"":""integer"",""nullable"":true},{""name"":""bus_observed_hours"",""type"":""integer"",""nullable"":true},{""name"":""morning_entry"",""type"":""integer"",""nullable"":false},{""name"":""metro_observed_hours"",""type"":""integer"",""nullable"":false}]}"
G10,C34,spatial_gis,GIS空间关联查询,中,空间存在与分组筛选,True,修订,哪些公交线路在至少三个不同地铁站500米内？给出邻近站点数和线路全天客流。,"[""“今天”指2026-08-24，时间按上海本地时间解释。""]","{""columns"":[{""name"":""bus_line_id"",""type"":""integer"",""nullable"":false},{""name"":""line_name"",""type"":""text"",""nullable"":false},{""name"":""station_count"",""type"":""integer"",""nullable"":false},{""name"":""daily_bus_total"",""type"":""integer"",""nullable"":false}]}"
G11,C35,spatial_gis,GIS空间关联查询,中,双空间条件与线路去重,True,修订,哪些公交线路同时位于站名为“徐家汇”和“上海体育馆”的两个地铁站500米内？只保留早晚高峰六个小时都有记录的线路，并给出两个时段客流。,"[""“今天”指2026-08-24，时间按上海本地时间解释。""]","{""columns"":[{""name"":""bus_line_id"",""type"":""integer"",""nullable"":false},{""name"":""line_name"",""type"":""text"",""nullable"":false},{""name"":""morning_total"",""type"":""integer"",""nullable"":false},{""name"":""evening_total"",""type"":""integer"",""nullable"":false},{""name"":""increase"",""type"":""integer"",""nullable"":false}]}"
G12,C36,spatial_gis,GIS空间关联查询,难,线路唯一空间归属,True,修订,将每条公交线路分配给最近且距离不超过500米的地铁站。按地铁站汇总线路数和这些线路的全天客流，同时给出地铁站进站量。所有地铁站都保留。,"[""“今天”指2026-08-24，时间按上海本地时间解释。"",""距离相同时按station_id升序选择归属站。""]","{""columns"":[{""name"":""station_id"",""type"":""integer"",""nullable"":false},{""name"":""station_name"",""type"":""text"",""nullable"":false},{""name"":""assigned_lines"",""type"":""integer"",""nullable"":false},{""name"":""assigned_bus_total"",""type"":""integer"",""nullable"":true},{""name"":""metro_entry_total"",""type"":""integer"",""nullable"":false}]}"
G13,C37,spatial_gis,GIS空间关联查询,难,业务选点与空间聚合,True,修订,先取早高峰出站量最大的10个地铁站，再合并其500米网格。出租车下客、网约车下客和共享单车锁车在该范围的全天量，及其占所有地铁站500米网格并集对应指标总量的百分比是多少？,"[""“今天”指2026-08-24，时间按上海本地时间解释。"",""百分比字段使用0至100的数值口径。""]","{""columns"":[{""name"":""metric"",""type"":""text"",""nullable"":false,""allowed_values"":[""出租车下客"",""网约车下客"",""共享单车锁车""]},{""name"":""selected_total"",""type"":""integer"",""nullable"":false},{""name"":""all_station_total"",""type"":""integer"",""nullable"":false},{""name"":""selected_pct"",""type"":""number"",""nullable"":false,""decimal_places"":2}],""row_selection"":{""mode"":""fixed_top_k"",""tie_break"":""题目中的每个Top-K候选集合固定取K项；边界同值时按指定的消歧字段升序取满K项，不扩展并列。""}}"
G14,C38,spatial_gis,GIS空间关联查询,难,线路拓扑与空间并集,True,修订,按地铁线路合并所属站点500米网格，计算晚高峰网约车下客量和共享单车锁车量，并分别给出线路排名。,"[""“今天”指2026-08-24，时间按上海本地时间解释。""]","{""columns"":[{""name"":""line_id"",""type"":""integer"",""nullable"":false},{""name"":""line_name"",""type"":""text"",""nullable"":false},{""name"":""evening_ridehail"",""type"":""integer"",""nullable"":false},{""name"":""evening_bike"",""type"":""integer"",""nullable"":false},{""name"":""ridehail_rank"",""type"":""integer"",""nullable"":false},{""name"":""bike_rank"",""type"":""integer"",""nullable"":false}]}"
G15,C39,spatial_gis,GIS空间关联查询,难,距离加权统计,True,修订,对每个地铁站，分别以800米内共享单车锁车量和网约车下客量为权重计算平均距离。列出两项平均距离之差的绝对值最大的10个站。,"[""“今天”指2026-08-24，时间按上海本地时间解释。""]","{""columns"":[{""name"":""station_id"",""type"":""integer"",""nullable"":false},{""name"":""station_name"",""type"":""text"",""nullable"":false},{""name"":""bike_average_distance"",""type"":""number"",""nullable"":false,""minimum_decimal_places"":6},{""name"":""ridehail_average_distance"",""type"":""number"",""nullable"":false,""minimum_decimal_places"":6},{""name"":""distance_difference"",""type"":""number"",""nullable"":false,""minimum_decimal_places"":6}],""notes"":[""distance_difference等于ABS(bike_average_distance - ridehail_average_distance)。"",""distance_difference使用未提前舍入的两个平均距离计算。""],""row_selection"":{""mode"":""fixed_top_k"",""tie_break"":""题目中的每个Top-K候选集合固定取K项；边界同值时按指定的消歧字段升序取满K项，不扩展并列。""}}"
G16,C40,spatial_gis,GIS空间关联查询,难,空间关联与滚动极值,True,修订,对每个地铁站，在500米范围内寻找共享单车锁车和出租车下客各自最高的连续三小时窗口。只使用两项指标在窗口三个小时均有观测的窗口；列出两项最高窗口起点相同的站，并列峰值全部保留。,"[""“今天”指2026-08-24，时间按上海本地时间解释。""]","{""columns"":[{""name"":""station_id"",""type"":""integer"",""nullable"":false},{""name"":""station_name"",""type"":""text"",""nullable"":false},{""name"":""start_hour"",""type"":""integer"",""nullable"":false},{""name"":""bike_window"",""type"":""integer"",""nullable"":false},{""name"":""taxi_window"",""type"":""integer"",""nullable"":false}]}"
G17,C41,spatial_gis,GIS空间关联查询,难,最近邻与业务汇总,True,修订,对每个地铁站，选择2公里内最近的3个其他站，给出本站早高峰进站量、已选邻站中三个小时观测完整的站数及邻站合计；只有所有已选邻站完整时才给出邻站合计。,"[""“今天”指2026-08-24，时间按上海本地时间解释。"",""邻站距离相同时按nearby_station_id升序选择。""]","{""columns"":[{""name"":""station_id"",""type"":""integer"",""nullable"":false},{""name"":""station_name"",""type"":""text"",""nullable"":false},{""name"":""station_morning_entry"",""type"":""integer"",""nullable"":false},{""name"":""selected_neighbor_count"",""type"":""integer"",""nullable"":false},{""name"":""valid_neighbor_count"",""type"":""integer"",""nullable"":false},{""name"":""neighbor_entry_total"",""type"":""integer"",""nullable"":true}],""row_selection"":{""mode"":""fixed_top_k"",""tie_break"":""题目中的每个Top-K候选集合固定取K项；边界同值时按指定的消歧字段升序取满K项，不扩展并列。""}}"
G18,C42,spatial_gis,GIS空间关联查询,难,双向邻近与时段差异,True,修订,互为最近邻且距离不超过2公里的地铁站对中，晚高峰出站量差最大的10对是哪些？两站都必须有完整三小时观测；每对中ID较小的站作为station_a。,"[""“今天”指2026-08-24，时间按上海本地时间解释。"",""最近邻距离相同时按nearby_station_id升序选择。""]","{""columns"":[{""name"":""station_a_id"",""type"":""integer"",""nullable"":false},{""name"":""station_a_name"",""type"":""text"",""nullable"":false},{""name"":""station_b_id"",""type"":""integer"",""nullable"":false},{""name"":""station_b_name"",""type"":""text"",""nullable"":false},{""name"":""distance_m"",""type"":""number"",""nullable"":false,""minimum_decimal_places"":6},{""name"":""station_a_exit"",""type"":""integer"",""nullable"":false},{""name"":""station_b_exit"",""type"":""integer"",""nullable"":false},{""name"":""exit_difference"",""type"":""integer"",""nullable"":false}],""row_selection"":{""mode"":""fixed_top_k"",""tie_break"":""题目中的每个Top-K候选集合固定取K项；边界同值时按指定的消歧字段升序取满K项，不扩展并列。""}}"
G19,C43,spatial_gis,GIS空间关联查询,中,空间增量与线路客流,True,修订,对每个地铁站，找出最近距离大于500米且不超过1000米的公交线路，并给出线路早高峰客流和早高峰观测小时数。没有符合线路的站也保留。,"[""“今天”指2026-08-24，时间按上海本地时间解释。""]","{""columns"":[{""name"":""station_id"",""type"":""integer"",""nullable"":false},{""name"":""station_name"",""type"":""text"",""nullable"":false},{""name"":""bus_line_id"",""type"":""integer"",""nullable"":true},{""name"":""line_name"",""type"":""text"",""nullable"":true},{""name"":""distance_m"",""type"":""number"",""nullable"":true,""minimum_decimal_places"":6},{""name"":""morning_bus_flow"",""type"":""integer"",""nullable"":true},{""name"":""observed_hours"",""type"":""integer"",""nullable"":true}]}"
G20,C44,spatial_gis,GIS空间关联查询,难,空间反连接与双方式汇总,True,修订,哪些地铁站300米内没有公交线路，但300至800米内至少有3条？给出外围线路数、早高峰观测完整线路数、早高峰公交客流量、本站早高峰出站量和本站早高峰观测小时数。,"[""“今天”指2026-08-24，时间按上海本地时间解释。""]","{""columns"":[{""name"":""station_id"",""type"":""integer"",""nullable"":false},{""name"":""station_name"",""type"":""text"",""nullable"":false},{""name"":""nearby_lines"",""type"":""integer"",""nullable"":false},{""name"":""complete_lines"",""type"":""integer"",""nullable"":false},{""name"":""morning_bus_total"",""type"":""integer"",""nullable"":false},{""name"":""morning_exit"",""type"":""integer"",""nullable"":false},{""name"":""metro_observed_hours"",""type"":""integer"",""nullable"":false}]}"
G21,C45,spatial_gis,GIS空间关联查询,中,多重空间覆盖与业务构成,True,修订,按800米内地铁站数量将网格分为0、1、2、3个及以上四类，计算各类网约车下客和共享单车锁车全天量及其占对应总量的百分比。,"[""“今天”指2026-08-24，时间按上海本地时间解释。"",""百分比字段使用0至100的数值口径。""]","{""columns"":[{""name"":""station_count_group"",""type"":""text"",""nullable"":false,""allowed_values"":[""0"",""1"",""2"",""3+""]},{""name"":""ridehail_dropoffs"",""type"":""integer"",""nullable"":false},{""name"":""bike_locks"",""type"":""integer"",""nullable"":false},{""name"":""ridehail_pct"",""type"":""number"",""nullable"":false,""decimal_places"":2},{""name"":""bike_pct"",""type"":""number"",""nullable"":false,""decimal_places"":2}]}"
G22,C46,spatial_gis,GIS空间关联查询,中,缓冲范围差与业务增量,True,修订,将全部地铁站的网格并集从500米扩大到800米。新增网格内出租车和网约车下客量分别是多少，相当于原500米范围总量的百分比是多少？,"[""“今天”指2026-08-24，时间按上海本地时间解释。"",""百分比字段使用0至100的数值口径。""]","{""columns"":[{""name"":""added_taxi"",""type"":""integer"",""nullable"":false},{""name"":""base_taxi"",""type"":""integer"",""nullable"":false},{""name"":""taxi_added_pct"",""type"":""number"",""nullable"":false,""decimal_places"":2},{""name"":""added_ridehail"",""type"":""integer"",""nullable"":false},{""name"":""base_ridehail"",""type"":""integer"",""nullable"":false},{""name"":""ridehail_added_pct"",""type"":""number"",""nullable"":false,""decimal_places"":2}]}"
G23,C47,spatial_gis,GIS空间关联查询,难,缓冲区交集与多指标排名,True,修订,对于500米范围有共同网格的地铁站对，计算共同网格内早高峰共享单车锁车量和网约车下客量，按锁车量列出前10对。,"[""“今天”指2026-08-24，时间按上海本地时间解释。"",""站对只保留station_a_id小于station_b_id的方向。""]","{""columns"":[{""name"":""station_a_id"",""type"":""integer"",""nullable"":false},{""name"":""station_a_name"",""type"":""text"",""nullable"":false},{""name"":""station_b_id"",""type"":""integer"",""nullable"":false},{""name"":""station_b_name"",""type"":""text"",""nullable"":false},{""name"":""morning_bike"",""type"":""integer"",""nullable"":false},{""name"":""morning_ridehail"",""type"":""integer"",""nullable"":false}],""row_selection"":{""mode"":""fixed_top_k"",""tie_break"":""题目中的每个Top-K候选集合固定取K项；边界同值时按指定的消歧字段升序取满K项，不扩展并列。""}}"
G24,C48,spatial_gis,GIS空间关联查询,难,线路拓扑与业务重复计量,True,修订,对每条地铁线路，比较各站500米锁车量分别统计后相加与线路网格并集去重后的结果。给出重复量及其占逐站相加量的百分比。,"[""“今天”指2026-08-24，时间按上海本地时间解释。"",""百分比字段使用0至100的数值口径。""]","{""columns"":[{""name"":""line_id"",""type"":""integer"",""nullable"":false},{""name"":""line_name"",""type"":""text"",""nullable"":false},{""name"":""station_sum_locks"",""type"":""integer"",""nullable"":false},{""name"":""union_locks"",""type"":""integer"",""nullable"":false},{""name"":""repeated_locks"",""type"":""integer"",""nullable"":false},{""name"":""repeated_pct"",""type"":""number"",""nullable"":false,""decimal_places"":2}]}"
G25,C49,spatial_gis,GIS空间关联查询,难,空间筛选后业务排名,True,修订,对每个地铁站，先取800米内最近的5条公交线路，再从中选择全天客流最高的一条，给出客流、距离和距离名次。,"[""“今天”指2026-08-24，时间按上海本地时间解释。"",""距离相同时按bus_line_id升序确定距离名次。""]","{""columns"":[{""name"":""station_id"",""type"":""integer"",""nullable"":false},{""name"":""station_name"",""type"":""text"",""nullable"":false},{""name"":""bus_line_id"",""type"":""integer"",""nullable"":true},{""name"":""line_name"",""type"":""text"",""nullable"":true},{""name"":""daily_bus_total"",""type"":""integer"",""nullable"":true},{""name"":""distance_m"",""type"":""number"",""nullable"":true,""minimum_decimal_places"":6},{""name"":""near_rank"",""type"":""integer"",""nullable"":true}],""row_selection"":{""mode"":""fixed_top_k"",""tie_break"":""题目中的每个Top-K候选集合固定取K项；边界同值时按指定的消歧字段升序取满K项，不扩展并列。""}}"
G26,C50,spatial_gis,GIS空间关联查询,难,唯一空间归属与分环业务,True,修订,将地铁站1公里内网格唯一分配给最近站，再分为0至300米、300至500米、500至1000米三环。给出每站每环晚高峰共享单车锁车量和网约车下客量；每个站的三个环都保留，没有分配网格或观测时指标为NULL。,"[""“今天”指2026-08-24，时间按上海本地时间解释。"",""0至300米包含两端；300至500米和500至1000米左开右闭。"",""距离相同时按station_id升序选择归属站。""]","{""columns"":[{""name"":""station_id"",""type"":""integer"",""nullable"":false},{""name"":""station_name"",""type"":""text"",""nullable"":false},{""name"":""ring"",""type"":""text"",""nullable"":false,""allowed_values"":[""0-300"",""300-500"",""500-1000""]},{""name"":""evening_bike"",""type"":""integer"",""nullable"":true},{""name"":""evening_ridehail"",""type"":""integer"",""nullable"":true}]}"
G27,,spatial_gis,GIS空间关联查询,简,空间缓冲,True,新增,每个地铁站500米内有多少个网格？给出站点ID、站名和网格数，保留网格数为0的站。,"[""“今天”指2026-08-24，时间按上海本地时间解释。""]","{""columns"":[{""name"":""station_id"",""type"":""integer"",""nullable"":false},{""name"":""station_name"",""type"":""text"",""nullable"":false},{""name"":""grid_count"",""type"":""integer"",""nullable"":false}]}"
G28,,spatial_gis,GIS空间关联查询,简,距离筛选,True,新增,站名为“徐家汇”的地铁站500米内有哪些网格？给出网格和距离。,"[""“今天”指2026-08-24，时间按上海本地时间解释。""]","{""columns"":[{""name"":""geohash"",""type"":""text"",""nullable"":false},{""name"":""distance_m"",""type"":""number"",""nullable"":false,""minimum_decimal_places"":6}]}"
G29,,spatial_gis,GIS空间关联查询,中,空间聚合,True,新增,每个地铁站800米内网约车下客量是多少？给出有下客观测的网格数，并保留没有下客观测的站。,"[""“今天”指2026-08-24，时间按上海本地时间解释。""]","{""columns"":[{""name"":""station_id"",""type"":""integer"",""nullable"":false},{""name"":""station_name"",""type"":""text"",""nullable"":false},{""name"":""ridehail_dropoffs"",""type"":""integer"",""nullable"":true},{""name"":""observed_grids"",""type"":""integer"",""nullable"":false}]}"
G30,,spatial_gis,GIS空间关联查询,中,最近邻,True,新增,对1公里内至少有一个地铁站的公交线路，给出最近地铁站及距离；距离并列时按站点ID取一个。,"[""“今天”指2026-08-24，时间按上海本地时间解释。""]","{""columns"":[{""name"":""bus_line_id"",""type"":""integer"",""nullable"":false},{""name"":""line_name"",""type"":""text"",""nullable"":false},{""name"":""station_id"",""type"":""integer"",""nullable"":false},{""name"":""station_name"",""type"":""text"",""nullable"":false},{""name"":""distance_m"",""type"":""number"",""nullable"":false,""minimum_decimal_places"":6}]}"
